index;ano;atividade_id;atividade_rotulo;unidade;valor;relatorio_fonte;n_fontes;divergencia_pct
0;2014;animais_mortos;Coleta de animais mortos;unidade;4481.0;2016.0;1.0;0.0
12;2015;animais_mortos;Coleta de animais mortos;unidade;2952.0;2018.0;3.0;0.0
25;2016;animais_mortos;Coleta de animais mortos;unidade;3281.0;2018.0;3.0;0.0
38;2017;animais_mortos;Coleta de animais mortos;t;63.06;2025.0;6.0;0.0
39;2017;animais_mortos;Coleta de animais mortos;unidade;2920.0;2019.0;3.0;0.0
63;2018;animais_mortos;Coleta de animais mortos;t;83.0;2025.0;6.0;0.0
64;2018;animais_mortos;Coleta de animais mortos;unidade;3011.0;2019.0;2.0;0.0
88;2019;animais_mortos;Coleta de animais mortos;t;76.18;2025.0;6.0;0.0
89;2019;animais_mortos;Coleta de animais mortos;unidade;2181.0;2019.0;1.0;0.0
110;2020;animais_mortos;Coleta de animais mortos;t;65.84;2025.0;6.0;0.0
131;2021;animais_mortos;Coleta de animais mortos;t;76.82;2025.0;5.0;0.0
152;2022;animais_mortos;Coleta de animais mortos;t;79.95;2025.0;4.0;0.0
171;2023;animais_mortos;Coleta de animais mortos;t;64.82;2025.0;3.0;0.0
190;2024;animais_mortos;Coleta de animais mortos;t;69.69;2025.0;2.0;0.0
202;2025;animais_mortos;Coleta de animais mortos;t;69.54;2025.0;1.0;0.0
40;2017;aterrado_asb;Resíduos aterrados no Aterro Sanitário de Brasília;t;252703.0;2025.0;4.0;0.0
65;2018;aterrado_asb;Resíduos aterrados no Aterro Sanitário de Brasília;t;749608.0;2025.0;4.0;0.0
90;2019;aterrado_asb;Resíduos aterrados no Aterro Sanitário de Brasília;t;800872.0;2025.0;4.0;0.0
111;2020;aterrado_asb;Resíduos aterrados no Aterro Sanitário de Brasília;t;821089.0;2025.0;4.0;0.0
132;2021;aterrado_asb;Resíduos aterrados no Aterro Sanitário de Brasília;t;760763.0;2025.0;4.0;0.0
153;2022;aterrado_asb;Resíduos aterrados no Aterro Sanitário de Brasília;t;718554.0;2025.0;4.0;0.0
172;2023;aterrado_asb;Resíduos aterrados no Aterro Sanitário de Brasília;t;743776.0;2025.0;3.0;0.0
191;2024;aterrado_asb;Resíduos aterrados no Aterro Sanitário de Brasília;t;761311.0;2025.0;2.0;0.0
203;2025;aterrado_asb;Resíduos aterrados no Aterro Sanitário de Brasília;t;773093.0;2025.0;1.0;0.0
112;2020;caixa_gordura;Resíduos de caixa de gordura / pós-eventos;t;107.25;2025.0;6.0;0.0
133;2021;caixa_gordura;Resíduos de caixa de gordura / pós-eventos;t;97.67;2025.0;5.0;0.0
154;2022;caixa_gordura;Resíduos de caixa de gordura / pós-eventos;t;81.42;2025.0;4.0;0.0
173;2023;caixa_gordura;Resíduos de caixa de gordura / pós-eventos;t;84.83;2025.0;3.0;0.0
192;2024;caixa_gordura;Resíduos de caixa de gordura / pós-eventos;t;81.84;2025.0;2.0;0.0
204;2025;caixa_gordura;Resíduos de caixa de gordura / pós-eventos;t;79.33;2025.0;1.0;0.0
41;2017;catacao_papel;Catação de papel em áreas verdes;equipe;363.7;2023.0;5.0;0.0
66;2018;catacao_papel;Catação de papel em áreas verdes;equipe;414.64;2023.0;5.0;0.0
91;2019;catacao_papel;Catação de papel em áreas verdes;equipe;411.99;2023.0;5.0;0.0
113;2020;catacao_papel;Catação de papel em áreas verdes;equipe;323.8;2023.0;4.0;0.0
134;2021;catacao_papel;Catação de papel em áreas verdes;equipe;97.67;2023.0;3.0;0.0
155;2022;catacao_papel;Catação de papel em áreas verdes;equipe;81.42;2023.0;2.0;0.0
174;2023;catacao_papel;Catação de papel em áreas verdes;equipe;84.83;2023.0;1.0;0.0
1;2014;catacao_residuos;Catação de resíduos;ha;190573.0;2016.0;1.0;0.0
13;2015;catacao_residuos;Catação de resíduos;ha;143878.0;2018.0;3.0;0.0
26;2016;catacao_residuos;Catação de resíduos;ha;150975.0;2018.0;3.0;0.0
42;2017;catacao_residuos;Catação de resíduos;ha;187268.0;2018.0;2.0;0.0
67;2018;catacao_residuos;Catação de resíduos;ha;214456.0;2018.0;1.0;0.0
2;2014;coleta_corretiva;Coleta de remoção (corretiva);t;741750.0;2016.0;1.0;0.0
14;2015;coleta_corretiva;Coleta de remoção (corretiva);t;706855.0;2018.0;3.0;0.0
27;2016;coleta_corretiva;Coleta de remoção (corretiva);t;772268.0;2018.0;3.0;0.0
43;2017;coleta_corretiva;Coleta de remoção (corretiva);t;636005.0;2025.0;9.0;0.0
68;2018;coleta_corretiva;Coleta de remoção (corretiva);t;438079.0;2025.0;8.0;0.22
92;2019;coleta_corretiva;Coleta de remoção (corretiva);t;425175.0;2025.0;7.0;0.0
114;2020;coleta_corretiva;Coleta de remoção (corretiva);t;615760.8;2025.0;6.0;0.0
135;2021;coleta_corretiva;Coleta de remoção (corretiva);t;612086.0;2025.0;5.0;0.0
156;2022;coleta_corretiva;Coleta de remoção (corretiva);t;600048.4;2025.0;4.0;0.0
175;2023;coleta_corretiva;Coleta de remoção (corretiva);t;651290.0;2025.0;3.0;0.0
193;2024;coleta_corretiva;Coleta de remoção (corretiva);t;653934.6;2025.0;2.0;0.0
205;2025;coleta_corretiva;Coleta de remoção (corretiva);t;678075.0;2025.0;1.0;0.0
3;2014;coleta_domiciliar_comercial;Coleta domiciliar e comercial;t;844186.0;2016.0;1.0;0.0
15;2015;coleta_domiciliar_comercial;Coleta domiciliar e comercial;t;843217.0;2018.0;3.0;0.0
28;2016;coleta_domiciliar_comercial;Coleta domiciliar e comercial;t;818771.0;2018.0;3.0;0.0
44;2017;coleta_domiciliar_comercial;Coleta domiciliar e comercial;t;828765.0;2025.0;9.0;0.06
69;2018;coleta_domiciliar_comercial;Coleta domiciliar e comercial;t;800685.0;2025.0;8.0;0.0
93;2019;coleta_domiciliar_comercial;Coleta domiciliar e comercial;t;782125.0;2025.0;7.0;0.0
115;2020;coleta_domiciliar_comercial;Coleta domiciliar e comercial;t;786122.0;2025.0;6.0;0.0
136;2021;coleta_domiciliar_comercial;Coleta domiciliar e comercial;t;729082.7;2025.0;5.0;0.0
157;2022;coleta_domiciliar_comercial;Coleta domiciliar e comercial;t;696995.94;2025.0;4.0;0.0
176;2023;coleta_domiciliar_comercial;Coleta domiciliar e comercial;t;710679.23;2025.0;3.0;0.0
194;2024;coleta_domiciliar_comercial;Coleta domiciliar e comercial;t;730174.41;2025.0;2.0;0.0
206;2025;coleta_domiciliar_comercial;Coleta domiciliar e comercial;t;724393.0;2025.0;1.0;0.0
4;2014;coleta_rss;Coleta de resíduos de serviços de saúde;t;2800.0;2016.0;1.0;0.0
16;2015;coleta_rss;Coleta de resíduos de serviços de saúde;t;2466.0;2018.0;3.0;0.0
29;2016;coleta_rss;Coleta de resíduos de serviços de saúde;t;2217.0;2018.0;3.0;0.0
45;2017;coleta_rss;Coleta de resíduos de serviços de saúde;t;2165.0;2024.0;8.0;0.0
70;2018;coleta_rss;Coleta de resíduos de serviços de saúde;t;2417.0;2024.0;7.0;0.0
94;2019;coleta_rss;Coleta de resíduos de serviços de saúde;t;2513.0;2024.0;6.0;0.0
116;2020;coleta_rss;Coleta de resíduos de serviços de saúde;t;3130.2;2024.0;5.0;0.0
137;2021;coleta_rss;Coleta de resíduos de serviços de saúde;t;506.8;2024.0;4.0;0.0
5;2014;coleta_seletiva;Coleta seletiva;t;48586.0;2016.0;1.0;0.0
17;2015;coleta_seletiva;Coleta seletiva;t;57496.0;2018.0;3.0;0.0
30;2016;coleta_seletiva;Coleta seletiva;t;48673.0;2018.0;3.0;0.0
46;2017;coleta_seletiva;Coleta seletiva;t;29968.0;2025.0;9.0;0.01
71;2018;coleta_seletiva;Coleta seletiva;t;28549.0;2025.0;8.0;1.37
95;2019;coleta_seletiva;Coleta seletiva;t;28522.0;2025.0;7.0;0.0
117;2020;coleta_seletiva;Coleta seletiva;t;18311.03;2025.0;6.0;0.0
138;2021;coleta_seletiva;Coleta seletiva;t;31865.72;2025.0;5.0;0.0
158;2022;coleta_seletiva;Coleta seletiva;t;33761.43;2025.0;4.0;0.0
177;2023;coleta_seletiva;Coleta seletiva;t;44681.4;2025.0;3.0;0.0
195;2024;coleta_seletiva;Coleta seletiva;t;48852.75;2025.0;2.0;0.0
207;2025;coleta_seletiva;Coleta seletiva;t;54549.0;2025.0;1.0;0.0
6;2014;domiciliar_aterrado;Resíduos domiciliares aterrados;t;856571.0;2016.0;1.0;0.0
18;2015;domiciliar_aterrado;Resíduos domiciliares aterrados;t;887220.0;2018.0;3.0;0.0
31;2016;domiciliar_aterrado;Resíduos domiciliares aterrados;t;830055.0;2018.0;3.0;0.0
47;2017;domiciliar_aterrado;Resíduos domiciliares aterrados;t;809085.0;2021.0;5.0;0.15
72;2018;domiciliar_aterrado;Resíduos domiciliares aterrados;t;784460.0;2021.0;4.0;0.0
96;2019;domiciliar_aterrado;Resíduos domiciliares aterrados;t;800872.0;2021.0;3.0;0.0
118;2020;domiciliar_aterrado;Resíduos domiciliares aterrados;t;821090.0;2021.0;2.0;0.0
139;2021;domiciliar_aterrado;Resíduos domiciliares aterrados;t;760781.0;2021.0;1.0;0.0
48;2017;entulho_pev;Retirada de entulho dos PEVs;equipe;0.0;2019.0;1.0;0.0
73;2018;entulho_pev;Retirada de entulho dos PEVs;equipe;4.916;2023.0;5.0;0.0
97;2019;entulho_pev;Retirada de entulho dos PEVs;equipe;17.89;2023.0;5.0;0.0
119;2020;entulho_pev;Retirada de entulho dos PEVs;equipe;54.88;2023.0;4.0;0.0
140;2021;entulho_pev;Retirada de entulho dos PEVs;equipe;59.88;2023.0;3.0;0.0
159;2022;entulho_pev;Retirada de entulho dos PEVs;equipe;65.65;2023.0;2.0;0.0
178;2023;entulho_pev;Retirada de entulho dos PEVs;equipe;65.65;2023.0;1.0;0.0
49;2017;entulho_ure;Entulho aterrado na URE;t;0.0;2019.0;1.0;0.0
74;2018;entulho_ure;Entulho aterrado na URE;t;1303662.0;2025.0;7.0;0.0
98;2019;entulho_ure;Entulho aterrado na URE;t;1423028.0;2025.0;7.0;0.0
120;2020;entulho_ure;Entulho aterrado na URE;t;1589393.18;2025.0;6.0;0.0
141;2021;entulho_ure;Entulho aterrado na URE;t;1466145.31;2025.0;5.0;0.0
160;2022;entulho_ure;Entulho aterrado na URE;t;1485844.51;2025.0;4.0;0.0
179;2023;entulho_ure;Entulho aterrado na URE;t;1507223.8;2025.0;3.0;0.0
196;2024;entulho_ure;Entulho aterrado na URE;t;1599445.58;2025.0;2.0;0.0
208;2025;entulho_ure;Entulho aterrado na URE;t;1450659.0;2025.0;1.0;0.0
7;2014;lavagem_abrigos;Lavagem de abrigos de passageiros;unidade;119071.0;2016.0;1.0;0.0
19;2015;lavagem_abrigos;Lavagem de abrigos de passageiros;unidade;65311.0;2018.0;3.0;0.0
32;2016;lavagem_abrigos;Lavagem de abrigos de passageiros;unidade;42791.0;2018.0;3.0;0.0
50;2017;lavagem_abrigos;Lavagem de abrigos de passageiros;equipe;35.13;2019.0;1.0;0.0
51;2017;lavagem_abrigos;Lavagem de abrigos de passageiros;unidade;71235.0;2018.0;2.0;0.0
75;2018;lavagem_abrigos;Lavagem de abrigos de passageiros;equipe;36.03;2019.0;1.0;0.0
76;2018;lavagem_abrigos;Lavagem de abrigos de passageiros;unidade;84279.0;2018.0;1.0;0.0
99;2019;lavagem_abrigos;Lavagem de abrigos de passageiros;equipe;34.8;2019.0;1.0;0.0
52;2017;lavagem_vias;Lavagem de vias;equipe;72.0;2023.0;5.0;0.0
77;2018;lavagem_vias;Lavagem de vias;equipe;72.19;2023.0;5.0;0.0
100;2019;lavagem_vias;Lavagem de vias;equipe;78.7;2023.0;5.0;15.88
121;2020;lavagem_vias;Lavagem de vias;equipe;71.62;2023.0;4.0;0.0
142;2021;lavagem_vias;Lavagem de vias;equipe;73.67;2023.0;3.0;0.0
161;2022;lavagem_vias;Lavagem de vias;equipe;83.89;2023.0;2.0;0.0
180;2023;lavagem_vias;Lavagem de vias;equipe;84.0;2023.0;1.0;0.0
122;2020;limpeza_equip_bens;Limpeza de equipamentos e bens públicos;equipe;47.32;2023.0;4.0;0.0
143;2021;limpeza_equip_bens;Limpeza de equipamentos e bens públicos;equipe;47.96;2023.0;3.0;0.0
162;2022;limpeza_equip_bens;Limpeza de equipamentos e bens públicos;equipe;47.77;2023.0;2.0;0.0
181;2023;limpeza_equip_bens;Limpeza de equipamentos e bens públicos;equipe;47.96;2023.0;1.0;0.0
8;2014;pintura_meios_fios;Pintura de meios-fios;km;8159.0;2016.0;1.0;0.0
20;2015;pintura_meios_fios;Pintura de meios-fios;km;4237.0;2018.0;3.0;0.0
33;2016;pintura_meios_fios;Pintura de meios-fios;km;5349.0;2018.0;3.0;0.0
53;2017;pintura_meios_fios;Pintura de meios-fios;equipe;71.3;2023.0;5.0;0.0
54;2017;pintura_meios_fios;Pintura de meios-fios;km;8269.0;2018.0;2.0;1.72
78;2018;pintura_meios_fios;Pintura de meios-fios;equipe;75.4;2023.0;5.0;0.0
79;2018;pintura_meios_fios;Pintura de meios-fios;km;8734.0;2018.0;1.0;0.0
101;2019;pintura_meios_fios;Pintura de meios-fios;equipe;78.7;2023.0;5.0;0.0
123;2020;pintura_meios_fios;Pintura de meios-fios;equipe;70.56;2023.0;4.0;0.0
144;2021;pintura_meios_fios;Pintura de meios-fios;equipe;118.4;2023.0;3.0;0.0
163;2022;pintura_meios_fios;Pintura de meios-fios;equipe;154.31;2023.0;2.0;0.0
182;2023;pintura_meios_fios;Pintura de meios-fios;equipe;154.97;2023.0;1.0;0.0
21;2015;processado_usinas;Resíduos processados em usinas;t;209121.0;2018.0;2.0;0.0
34;2016;processado_usinas;Resíduos processados em usinas;t;229054.0;2018.0;2.0;0.0
55;2017;processado_usinas;Resíduos processados em usinas;t;230916.0;2025.0;9.0;1.15
80;2018;processado_usinas;Resíduos processados em usinas;t;238851.0;2025.0;8.0;0.0
102;2019;processado_usinas;Resíduos processados em usinas;t;225357.0;2025.0;7.0;0.0
124;2020;processado_usinas;Resíduos processados em usinas;t;228422.0;2025.0;6.0;0.0
145;2021;processado_usinas;Resíduos processados em usinas;t;251348.0;2025.0;5.0;0.0
164;2022;processado_usinas;Resíduos processados em usinas;t;274659.0;2025.0;4.0;0.0
183;2023;processado_usinas;Resíduos processados em usinas;t;283402.0;2025.0;3.0;0.0
197;2024;processado_usinas;Resíduos processados em usinas;t;302297.0;2025.0;2.0;0.0
209;2025;processado_usinas;Resíduos processados em usinas;t;292481.0;2025.0;1.0;0.0
56;2017;rejeito_irr;Retirada de rejeitos das IRRs;equipe;0.0;2019.0;1.0;0.0
81;2018;rejeito_irr;Retirada de rejeitos das IRRs;equipe;2.125;2019.0;1.0;0.0
103;2019;rejeito_irr;Retirada de rejeitos das IRRs;equipe;24.68;2019.0;1.0;0.0
125;2020;rejeito_irr;Retirada de rejeitos das IRRs;t;3517.0;2025.0;2.0;0.0
126;2020;rejeito_irr;Retirada de rejeitos das IRRs;viagem;3517.0;2023.0;4.0;63.55
146;2021;rejeito_irr;Retirada de rejeitos das IRRs;t;19961.76;2025.0;2.0;0.0
147;2021;rejeito_irr;Retirada de rejeitos das IRRs;viagem;19961.76;2023.0;3.0;0.0
165;2022;rejeito_irr;Retirada de rejeitos das IRRs;t;22701.53;2025.0;2.0;0.0
166;2022;rejeito_irr;Retirada de rejeitos das IRRs;viagem;22701.53;2023.0;2.0;0.0
184;2023;rejeito_irr;Retirada de rejeitos das IRRs;t;22156.49;2025.0;2.0;0.0
185;2023;rejeito_irr;Retirada de rejeitos das IRRs;viagem;22156.49;2023.0;1.0;0.0
198;2024;rejeito_irr;Retirada de rejeitos das IRRs;t;22825.47;2025.0;2.0;0.0
210;2025;rejeito_irr;Retirada de rejeitos das IRRs;t;28681.0;2025.0;1.0;0.0
57;2017;servicos_diversos;Serviços diversos;equipe;401.02;2019.0;1.0;0.0
82;2018;servicos_diversos;Serviços diversos;equipe;316.46;2019.0;1.0;0.0
104;2019;servicos_diversos;Serviços diversos;equipe;242.26;2019.0;1.0;0.0
9;2014;transferencia;Transferência de resíduos;t_x_km;14081692.0;2016.0;1.0;0.0
22;2015;transferencia;Transferência de resíduos;t_x_km;14773167.0;2018.0;2.0;0.0
35;2016;transferencia;Transferência de resíduos;t_x_km;14782791.0;2018.0;2.0;0.0
58;2017;transferencia;Transferência de resíduos;t_x_km;17004130.0;2023.0;6.0;0.0
83;2018;transferencia;Transferência de resíduos;t_x_km;18072534.0;2023.0;6.0;0.0
105;2019;transferencia;Transferência de resíduos;t_x_km;21468117.0;2023.0;5.0;0.0
127;2020;transferencia;Transferência de resíduos;t_x_km;35193461.0;2023.0;4.0;0.0
148;2021;transferencia;Transferência de resíduos;t_x_km;31692294.0;2023.0;3.0;0.0
167;2022;transferencia;Transferência de resíduos;t_x_km;31084917.0;2023.0;2.0;0.0
186;2023;transferencia;Transferência de resíduos;t_x_km;31084917.0;2023.0;1.0;0.0
59;2017;transporte_chorume;Transporte de chorume;viagem;0.0;2019.0;1.0;0.0
84;2018;transporte_chorume;Transporte de chorume;viagem;946.0;2023.0;5.0;0.0
106;2019;transporte_chorume;Transporte de chorume;viagem;1542.0;2023.0;5.0;0.0
60;2017;tratamento_chorume;Tratamento de chorume;m3;0.0;2019.0;1.0;0.0
85;2018;tratamento_chorume;Tratamento de chorume;m3;0.0;2019.0;1.0;0.0
107;2019;tratamento_chorume;Tratamento de chorume;m3;18588.0;2025.0;7.0;0.0
128;2020;tratamento_chorume;Tratamento de chorume;m3;398489.35;2025.0;6.0;0.0
149;2021;tratamento_chorume;Tratamento de chorume;m3;306152.4;2025.0;5.0;0.0
168;2022;tratamento_chorume;Tratamento de chorume;m3;266788.07;2025.0;4.0;0.0
187;2023;tratamento_chorume;Tratamento de chorume;m3;303111.29;2025.0;3.0;0.0
199;2024;tratamento_chorume;Tratamento de chorume;m3;378805.9;2025.0;2.0;0.0
211;2025;tratamento_chorume;Tratamento de chorume;m3;460052.0;2025.0;1.0;0.0
10;2014;varricao_manual;Varrição manual;km;1324175.0;2016.0;1.0;0.0
23;2015;varricao_manual;Varrição manual;km;1345889.0;2018.0;3.0;0.0
36;2016;varricao_manual;Varrição manual;km;1250559.0;2018.0;3.0;0.0
61;2017;varricao_manual;Varrição manual;km;1284173.0;2025.0;9.0;0.0
86;2018;varricao_manual;Varrição manual;km;1204297.0;2025.0;8.0;0.0
108;2019;varricao_manual;Varrição manual;km;1193036.0;2025.0;7.0;0.0
129;2020;varricao_manual;Varrição manual;km;1039063.1;2025.0;6.0;0.0
150;2021;varricao_manual;Varrição manual;km;1053705.3;2025.0;5.0;0.0
169;2022;varricao_manual;Varrição manual;km;1062528.2;2025.0;4.0;0.0
188;2023;varricao_manual;Varrição manual;km;1063007.3;2025.0;3.0;0.0
200;2024;varricao_manual;Varrição manual;km;1036909.8;2025.0;2.0;0.0
212;2025;varricao_manual;Varrição manual;km;1067450.0;2025.0;1.0;0.0
11;2014;varricao_mecanizada;Varrição mecanizada;km;34741.0;2016.0;1.0;0.0
24;2015;varricao_mecanizada;Varrição mecanizada;km;25539.0;2018.0;3.0;0.0
37;2016;varricao_mecanizada;Varrição mecanizada;km;46723.0;2018.0;3.0;0.0
62;2017;varricao_mecanizada;Varrição mecanizada;km;41288.0;2025.0;9.0;0.0
87;2018;varricao_mecanizada;Varrição mecanizada;km;42187.0;2025.0;8.0;0.0
109;2019;varricao_mecanizada;Varrição mecanizada;km;61407.0;2025.0;7.0;0.0
130;2020;varricao_mecanizada;Varrição mecanizada;km;152814.3;2025.0;6.0;0.0
151;2021;varricao_mecanizada;Varrição mecanizada;km;171517.1;2025.0;5.0;0.0
170;2022;varricao_mecanizada;Varrição mecanizada;km;214002.1;2025.0;4.0;0.0
189;2023;varricao_mecanizada;Varrição mecanizada;km;213752.2;2025.0;3.0;0.0
201;2024;varricao_mecanizada;Varrição mecanizada;km;212779.1;2025.0;2.0;0.0
213;2025;varricao_mecanizada;Varrição mecanizada;km;213081.0;2025.0;1.0;0.0
